,precision,recall,f1-score,support
accuracy,0.6666666666666666,0.6666666666666666,0.6666666666666666,0.6666666666666666
macro avg,0.5476190476190477,0.3890625,0.4221364221364221,48.0
weighted avg,0.6061507936507936,0.6666666666666666,0.6098241098241097,48.0
1-C,1.0,0.4,0.5714285714285715,5.0
2-SC,0.0,0.0,0.0,7.0
3-A,0.6904761904761905,0.90625,0.7837837837837837,32.0
4-S,0.5,0.25,0.3333333333333333,4.0
