Variable,Chi2,p_value,FDR
Cuatom_Status,0.00947910083957745,0.9224399739232896,0.9224399739232896
Condition,2.8311873048715155,0.418391630794095,0.753104935429371
Custom_Sex,2.4941555280269556,0.114269654395643,0.5142134447803935
Diseaseseverity,3.5649117961338748,0.613589213969226,0.7576955417742419
Custom_Hypertension,1.5028907518623147,0.220227107733294,0.660681323199882
Custom_Dyslipidemia,1.8228530046102143,0.40195043165556676,0.753104935429371
Custom_Active smoker,3.3608356456350754,0.06676418170924564,0.5142134447803935
Custom_Ever smoker,0.4173107349303714,0.5182819945641868,0.7576955417742419
Custom_DM,0.7905133392230904,0.6735071482437706,0.7576955417742419
